"GIFT BOXES","Prize (16 items)","1 Box",230,"/images/giftbixes/1.jpg","<table cellspacing=""0"" cellpadding=""5"" bordercolor=""#e8ce7b"" border=""1"" align=""center"" width=""600"" style=""border-collapse: collapse;"">
 
 
 
 
 
 
 
 
 
 
 <tbody>
  
  
  
  
  
  
  
  
  
  
  <tr>
   
   
   
   
   
   
   
   
   
   
   <td width=""51"" class=""head"">S.No </td>
   
   
   
   
   
   
   
   
   
   
   <td width=""395"" class=""head"">Items</td>
   
   
   
   
   
   
   
   
   
   
   <td width=""124"" class=""head"">Qty</td>
  
  
  
  
  
  
  
  
  
  
  </tr>
  
  
  
  
  
  
  
  
  
  
  <tr>
   
   
   
   
   
   
   
   
   
   
   <td align=""center"">1</td>
   
   
   
   
   
   
   
   
   
   
   <td>Bobby Gold Sparklers-7 cm</td>
   
   
   
   
   
   
   
   
   
   
   <td>10 Pcs</td>
  
  
  
  
  
  
  
  
  
  
  </tr>
  
  
  
  
  
  
  
  
  
  
  <tr>
   
   
   
   
   
   
   
   
   
   
   <td align=""center"">2</td>
   
   
   
   
   
   
   
   
   
   
   <td>Toy Bomb</td>
   
   
   
   
   
   
   
   
   
   
   <td>1 Pce</td>
  
  
  
  
  
  
  
  
  
  
  </tr>
  
  
  
  
  
  
  
  
  
  
  <tr>
   
   
   
   
   
   
   
   
   
   
   <td align=""center"">3</td>
   
   
   
   
   
   
   
   
   
   
   <td>Red &amp; Green Chakkars</td>
   
   
   
   
   
   
   
   
   
   
   <td>5 Pcs</td>
  
  
  
  
  
  
  
  
  
  
  </tr>
  
  
  
  
  
  
  
  
  
  
  <tr>
   
   
   
   
   
   
   
   
   
   
   <td align=""center"">4</td>
   
   
   
   
   
   
   
   
   
   
   <td>Bijili Crackers Stripped</td>
   
   
   
   
   
   
   
   
   
   
   <td>50 Pcs</td>
  
  
  
  
  
  
  
  
  
  
  </tr>
  
  
  
  
  
  
  
  
  
  
  <tr>
   
   
   
   
   
   
   
   
   
   
   <td align=""center"">5</td>
   
   
   
   
   
   
   
   
   
   
   <td>1000/5 Sparrow-6.5 cm</td>
   
   
   
   
   
   
   
   
   
   
   <td>5 Pcs</td>
  
  
  
  
  
  
  
  
  
  
  </tr>
  
  
  
  
  
  
  
  
  
  
  <tr>
   
   
   
   
   
   
   
   
   
   
   <td align=""center"">6</td>
   
   
   
   
   
   
   
   
   
   
   <td>Twinkling Star-45 cm</td>
   
   
   
   
   
   
   
   
   
   
   <td>5 Pcs</td>
  
  
  
  
  
  
  
  
  
  
  </tr>
  
  
  
  
  
  
  
  
  
  
  <tr>
   
   
   
   
   
   
   
   
   
   
   <td align=""center"">7</td>
   
   
   
   
   
   
   
   
   
   
   <td>Jet Fountain</td>
   
   
   
   
   
   
   
   
   
   
   <td>5 Pcs</td>
  
  
  
  
  
  
  
  
  
  
  </tr>
  
  
  
  
  
  
  
  
  
  
  <tr>
   
   
   
   
   
   
   
   
   
   
   <td align=""center"">8</td>
   
   
   
   
   
   
   
   
   
   
   <td>Assorted Cartoons</td>
   
   
   
   
   
   
   
   
   
   
   <td>2 Pcs</td>
  
  
  
  
  
  
  
  
  
  
  </tr>
  
  
  
  
  
  
  
  
  
  
  <tr>
   
   
   
   
   
   
   
   
   
   
   <td align=""center"">9</td>
   
   
   
   
   
   
   
   
   
   
   <td>Disco Flash</td>
   
   
   
   
   
   
   
   
   
   
   <td>2 Pcs</td>
  
  
  
  
  
  
  
  
  
  
  </tr>
  
  
  
  
  
  
  
  
  
  
  <tr>
   
   
   
   
   
   
   
   
   
   
   <td align=""center"">10</td>
   
   
   
   
   
   
   
   
   
   
   <td>Mini Fountain &ndash; Red</td>
   
   
   
   
   
   
   
   
   
   
   <td>2 Pcs</td>
  
  
  
  
  
  
  
  
  
  
  </tr>
  
  
  
  
  
  
  
  
  
  
  <tr>
   
   
   
   
   
   
   
   
   
   
   <td align=""center"">11</td>
   
   
   
   
   
   
   
   
   
   
   <td>Mini Fountain - Gold</td>
   
   
   
   
   
   
   
   
   
   
   <td>2 Pcs</td>
  
  
  
  
  
  
  
  
  
  
  </tr>
  
  
  
  
  
  
  
  
  
  
  <tr>
   
   
   
   
   
   
   
   
   
   
   <td align=""center"">12</td>
   
   
   
   
   
   
   
   
   
   
   <td>Mini Fountain - Silver</td>
   
   
   
   
   
   
   
   
   
   
   <td>2 Pcs</td>
  
  
  
  
  
  
  
  
  
  
  </tr>
  
  
  
  
  
  
  
  
  
  
  <tr>
   
   
   
   
   
   
   
   
   
   
   <td align=""center"">13</td>
   
   
   
   
   
   
   
   
   
   
   <td>Colour smoke Fountain</td>
   
   
   
   
   
   
   
   
   
   
   <td>1 Pce</td>
  
  
  
  
  
  
  
  
  
  
  </tr>
  
  
  
  
  
  
  
  
  
  
  <tr>
   
   
   
   
   
   
   
   
   
   
   <td align=""center"">14</td>
   
   
   
   
   
   
   
   
   
   
   <td>Color Changing Butterfly</td>
   
   
   
   
   
   
   
   
   
   
   <td>1 Pce</td>
  
  
  
  
  
  
  
  
  
  
  </tr>
  
  
  
  
  
  
  
  
  
  
  <tr>
   
   
   
   
   
   
   
   
   
   
   <td align=""center"">15</td>
   
   
   
   
   
   
   
   
   
   
   <td>30’s Bullet Fire Crackers</td>
   
   
   
   
   
   
   
   
   
   
   <td>1 Saram</td>
  
  
  
  
  
  
  
  
  
  
  </tr>
  
  
  
  
  
  
  
  
  
  
  <tr>
   
   
   
   
   
   
   
   
   
   
   <td align=""center"">16</td>
   
   
   
   
   
   
   
   
   
   
   <td>Butterfly Red &amp; Silver</td>
   
   
   
   
   
   
   
   
   
   
   <td>1 Pce</td>
  
  
  
  
  
  
  
  
  
  
  </tr>
 
 
 
 
 
 
 
 
 
 
 </tbody>










</table>"
"GIFT BOXES","Gods gift (18ms)","1 Box",285,"/images/giftbixes/3.jpg","<table cellspacing=""0"" cellpadding=""5"" bordercolor=""#e8ce7b"" border=""1"" align=""center"" width=""600"" style=""border-collapse: collapse;"">
 
 
 
 <tbody>
  
  
  
  <tr>
   
   
   
   <td width=""51"" class=""head"">S.No </td>
   
   
   
   <td width=""395"" class=""head"">Items</td>
   
   
   
   <td width=""124"" class=""head"">Qty</td>
  
  
  
  </tr>
  
  
  
  <tr>
   
   
   
   <td>1</td>
   
   
   
   <td>Bobby Gold Sparklers-7 cm</td>
   
   
   
   <td>10 Pcs</td>
  
  
  
  </tr>
  
  
  
  <tr>
   
   
   
   <td>2</td>
   
   
   
   <td>Bobby Crackling Sparklers-7 cm</td>
   
   
   
   <td>10Pcs</td>
  
  
  
  </tr>
  
  
  
  <tr>
   
   
   
   <td>3</td>
   
   
   
   <td>Fire Pencil</td>
   
   
   
   <td>5 Pcs</td>
  
  
  
  </tr>
  
  
  
  <tr>
   
   
   
   <td>4</td>
   
   
   
   <td>Jet Fountains</td>
   
   
   
   <td>5 Pcs</td>
  
  
  
  </tr>
  
  
  
  <tr>
   
   
   
   <td>5</td>
   
   
   
   <td>500/5 Hitler-10 cm</td>
   
   
   
   <td>5 Pcs</td>
  
  
  
  </tr>
  
  
  
  <tr>
   
   
   
   <td>6</td>
   
   
   
   <td>30’s Bullet Fire Crackers</td>
   
   
   
   <td>1 Saram</td>
  
  
  
  </tr>
  
  
  
  <tr>
   
   
   
   <td>7</td>
   
   
   
   <td>1000/5 Sparrow-6.5 cm</td>
   
   
   
   <td>5 Pcs</td>
  
  
  
  </tr>
  
  
  
  <tr>
   
   
   
   <td>8</td>
   
   
   
   <td>Disco Flash</td>
   
   
   
   <td>2 Pcs</td>
  
  
  
  </tr>
  
  
  
  <tr>
   
   
   
   <td>9</td>
   
   
   
   <td>Mini Fountain &ndash; Red</td>
   
   
   
   <td>2 Pcs</td>
  
  
  
  </tr>
  
  
  
  <tr>
   
   
   
   <td>10</td>
   
   
   
   <td>Mini Fountain - Gold</td>
   
   
   
   <td>2 Pcs</td>
  
  
  
  </tr>
  
  
  
  <tr>
   
   
   
   <td>11</td>
   
   
   
   <td>Assorted Cartoons</td>
   
   
   
   <td>5 Pcs</td>
  
  
  
  </tr>
  
  
  
  <tr>
   
   
   
   <td>12</td>
   
   
   
   <td>Color Smoke Fountain</td>
   
   
   
   <td>1 Pce</td>
  
  
  
  </tr>
  
  
  
  <tr>
   
   
   
   <td>13</td>
   
   
   
   <td>Hydrogen Bomb Green</td>
   
   
   
   <td>5 Pcs</td>
  
  
  
  </tr>
  
  
  
  <tr>
   
   
   
   <td>14</td>
   
   
   
   <td>Twinkling Star</td>
   
   
   
   <td>5 Pcs</td>
  
  
  
  </tr>
  
  
  
  <tr>
   
   
   
   <td>15</td>
   
   
   
   <td>Color Changing Butterfly</td>
   
   
   
   <td>1 Pce</td>
  
  
  
  </tr>
  
  
  
  <tr>
   
   
   
   <td>16</td>
   
   
   
   <td>Bijili Crackers Stripped</td>
   
   
   
   <td>50 Pcs</td>
  
  
  
  </tr>
  
  
  
  <tr>
   
   
   
   <td>17</td>
   
   
   
   <td>Butterfly Red &amp; Silver</td>
   
   
   
   <td>1 Pce</td>
  
  
  
  </tr>
  
  
  
  <tr>
   
   
   
   <td>18</td>
   
   
   
   <td>Red &amp; Green Chakkars</td>
   
   
   
   <td>10 Pcs</td>
  
  
  
  </tr>
 
 
 
 </tbody>



</table>"
"GIFT BOXES","Super (23 items)","1 Box",330,"/images/giftbixes/5.jpg","<table cellspacing=""0"" cellpadding=""5"" bordercolor=""#e8ce7b"" border=""1"" align=""center"" width=""600"" style=""border-collapse: collapse;"">
 
 
 
 <tbody>
  
  
  
  <tr>
   
   
   
   <td width=""51"" class=""head"">S.No </td>
   
   
   
   <td width=""395"" class=""head"">Items</td>
   
   
   
   <td width=""124"" class=""head"">Qty</td>
  
  
  
  </tr>
  
  
  
  <tr>
   
   
   
   <td>1</td>
   
   
   
   <td>Bobby Gold Sparklers-7 cm</td>
   
   
   
   <td>10 Pcs</td>
  
  
  
  </tr>
  
  
  
  <tr>
   
   
   
   <td>2</td>
   
   
   
   <td>Bobby Crackling Sparklers-7 cm</td>
   
   
   
   <td>10Pcs</td>
  
  
  
  </tr>
  
  
  
  <tr>
   
   
   
   <td>3</td>
   
   
   
   <td>Chavi Gold Sparklers &ndash; 9 cm</td>
   
   
   
   <td>10 Pcs</td>
  
  
  
  </tr>
  
  
  
  <tr>
   
   
   
   <td>4</td>
   
   
   
   <td>Jet Fountains</td>
   
   
   
   <td>5 Pcs</td>
  
  
  
  </tr>
  
  
  
  <tr>
   
   
   
   <td> 5</td>
   
   
   
   <td>Red &amp; Green Chakkars</td>
   
   
   
   <td>10 Pcs</td>
  
  
  
  </tr>
  
  
  
  <tr>
   
   
   
   <td>6</td>
   
   
   
   <td>Twinkling Star</td>
   
   
   
   <td>5 Pcs</td>
  
  
  
  </tr>
  
  
  
  <tr>
   
   
   
   <td>7</td>
   
   
   
   <td>Fire Pencils</td>
   
   
   
   <td>5 Pcs</td>
  
  
  
  </tr>
  
  
  
  <tr>
   
   
   
   <td>8</td>
   
   
   
   <td>Bijili Crackers Stripped</td>
   
   
   
   <td>50 Pcs</td>
  
  
  
  </tr>
  
  
  
  <tr>
   
   
   
   <td>9</td>
   
   
   
   <td>Hydrogen Bomb Green</td>
   
   
   
   <td>5 Pcs</td>
  
  
  
  </tr>
  
  
  
  <tr>
   
   
   
   <td>10</td>
   
   
   
   <td>500/5 Hitler-10cm</td>
   
   
   
   <td> 5 Pcs</td>
  
  
  
  </tr>
  
  
  
  <tr>
   
   
   
   <td>11</td>
   
   
   
   <td>1000/5 Sparrow-6.5 cm</td>
   
   
   
   <td>5 Pcs</td>
  
  
  
  </tr>
  
  
  
  <tr>
   
   
   
   <td>12</td>
   
   
   
   <td>30’s Bullet Fire Crackers</td>
   
   
   
   <td>1 Saram</td>
  
  
  
  </tr>
  
  
  
  <tr>
   
   
   
   <td>13</td>
   
   
   
   <td>Assorted Cartoons</td>
   
   
   
   <td>2 Pcs</td>
  
  
  
  </tr>
  
  
  
  <tr>
   
   
   
   <td>14</td>
   
   
   
   <td>Whizz Serpents</td>
   
   
   
   <td>2 Pcs</td>
  
  
  
  </tr>
  
  
  
  <tr>
   
   
   
   <td>15</td>
   
   
   
   <td>Color changing Butterfly</td>
   
   
   
   <td>1 Pce</td>
  
  
  
  </tr>
  
  
  
  <tr>
   
   
   
   <td>16</td>
   
   
   
   <td>Signal lights</td>
   
   
   
   <td>1 Pce</td>
  
  
  
  </tr>
  
  
  
  <tr>
   
   
   
   <td>17</td>
   
   
   
   <td>Mini Fountain &ndash; Red</td>
   
   
   
   <td>2 Pcs</td>
  
  
  
  </tr>
  
  
  
  <tr>
   
   
   
   <td>18</td>
   
   
   
   <td>Mini Fountain - Gold</td>
   
   
   
   <td>2 Pcs</td>
  
  
  
  </tr>
  
  
  
  <tr>
   
   
   
   <td>19</td>
   
   
   
   <td>Mini Fountain - Silver</td>
   
   
   
   <td>2 Pcs</td>
  
  
  
  </tr>
  
  
  
  <tr>
   
   
   
   <td>20</td>
   
   
   
   <td>Mini Fountain &ndash; Green</td>
   
   
   
   <td>2 Pcs</td>
  
  
  
  </tr>
  
  
  
  <tr>
   
   
   
   <td>21</td>
   
   
   
   <td>Disco Flash</td>
   
   
   
   <td>2 Pcs</td>
  
  
  
  </tr>
  
  
  
  <tr>
   
   
   
   <td>22</td>
   
   
   
   <td>Colour Smoke Fountain</td>
   
   
   
   <td>1 Pce</td>
  
  
  
  </tr>
  
  
  
  <tr>
   
   
   
   <td>23</td>
   
   
   
   <td>Butterfly Red &amp; Silver</td>
   
   
   
   <td>1 Pce</td>
  
  
  
  </tr>
 
 
 
 </tbody>



</table>"
"GIFT BOXES","Glamour (21 items)soundless","1 Box",375,"/images/giftbixes/6.jpg","<table cellspacing=""0"" cellpadding=""5"" bordercolor=""#e8ce7b"" border=""1"" align=""center"" width=""600"" style=""border-collapse: collapse;"">
 
 
 
 
 <tbody>
  
  
  
  
  <tr>
   
   
   
   
   <td width=""51"" class=""head"">S.No </td>
   
   
   
   
   <td width=""395"" class=""head"">Items</td>
   
   
   
   
   <td width=""124"" class=""head"">Qty</td>
  
  
  
  
  </tr>
  
  
  
  
  <tr>
   
   
   
   
   <td>1</td>
   
   
   
   
   <td>Bobby Gold Sparklers-7 cm</td>
   
   
   
   
   <td>10 Pcs</td>
  
  
  
  
  </tr>
  
  
  
  
  <tr>
   
   
   
   
   <td>2</td>
   
   
   
   
   <td>Bobby Crackling Sparklers-7 cm</td>
   
   
   
   
   <td>10Pcs</td>
  
  
  
  
  </tr>
  
  
  
  
  <tr>
   
   
   
   
   <td>3</td>
   
   
   
   
   <td>Jet Fountains</td>
   
   
   
   
   <td>5 Pcs</td>
  
  
  
  
  </tr>
  
  
  
  
  <tr>
   
   
   
   
   <td>4</td>
   
   
   
   
   <td>Twinkling Star-45cm</td>
   
   
   
   
   <td>10 Pcs</td>
  
  
  
  
  </tr>
  
  
  
  
  <tr>
   
   
   
   
   <td> 5</td>
   
   
   
   
   <td>Glittering Gems</td>
   
   
   
   
   <td>1 Saram</td>
  
  
  
  
  </tr>
  
  
  
  
  <tr>
   
   
   
   
   <td>6</td>
   
   
   
   
   <td>Color Changing Butterfly</td>
   
   
   
   
   <td>1 Pce</td>
  
  
  
  
  </tr>
  
  
  
  
  <tr>
   
   
   
   
   <td>7</td>
   
   
   
   
   <td>Disco Flash</td>
   
   
   
   
   <td>2 Pcs</td>
  
  
  
  
  </tr>
  
  
  
  
  <tr>
   
   
   
   
   <td>8</td>
   
   
   
   
   <td>Mini Fountain &ndash; Red</td>
   
   
   
   
   <td>2 Pcs</td>
  
  
  
  
  </tr>
  
  
  
  
  <tr>
   
   
   
   
   <td>9</td>
   
   
   
   
   <td>Mini Fountain - Gold</td>
   
   
   
   
   <td>2 Pcs</td>
  
  
  
  
  </tr>
  
  
  
  
  <tr>
   
   
   
   
   <td>10</td>
   
   
   
   
   <td>Mini Fountain - Silver</td>
   
   
   
   
   <td>2 Pcs</td>
  
  
  
  
  </tr>
  
  
  
  
  <tr>
   
   
   
   
   <td>11</td>
   
   
   
   
   <td>Mini Fountain - Purple</td>
   
   
   
   
   <td>2 Pcs</td>
  
  
  
  
  </tr>
  
  
  
  
  <tr>
   
   
   
   
   <td>12</td>
   
   
   
   
   <td>Mini Fountain &ndash; Green</td>
   
   
   
   
   <td>2 Pcs</td>
  
  
  
  
  </tr>
  
  
  
  
  <tr>
   
   
   
   
   <td>13</td>
   
   
   
   
   <td>Butterfly Red &amp; Silver</td>
   
   
   
   
   <td>1 Pce</td>
  
  
  
  
  </tr>
  
  
  
  
  <tr>
   
   
   
   
   <td>14</td>
   
   
   
   
   <td>Whizz Serpents</td>
   
   
   
   
   <td>2 Pcs</td>
  
  
  
  
  </tr>
  
  
  
  
  <tr>
   
   
   
   
   <td>15</td>
   
   
   
   
   <td>Happiness</td>
   
   
   
   
   <td>1 Pce</td>
  
  
  
  
  </tr>
  
  
  
  
  <tr>
   
   
   
   
   <td>16</td>
   
   
   
   
   <td>Color Smoke Fountain</td>
   
   
   
   
   <td>1 Pce</td>
  
  
  
  
  </tr>
  
  
  
  
  <tr>
   
   
   
   
   <td>17</td>
   
   
   
   
   <td>Red &amp; Green Chakkars</td>
   
   
   
   
   <td>10 Pcs</td>
  
  
  
  
  </tr>
  
  
  
  
  <tr>
   
   
   
   
   <td>18</td>
   
   
   
   
   <td>Signal Lights</td>
   
   
   
   
   <td>1 Pce</td>
  
  
  
  
  </tr>
  
  
  
  
  <tr>
   
   
   
   
   <td>19</td>
   
   
   
   
   <td>Assorted Cartoons</td>
   
   
   
   
   <td>5 Pcs</td>
  
  
  
  
  </tr>
  
  
  
  
  <tr>
   
   
   
   
   <td>20</td>
   
   
   
   
   <td>Electric Stones</td>
   
   
   
   
   <td>10 Pcs</td>
  
  
  
  
  </tr>
  
  
  
  
  <tr>
   
   
   
   
   <td>21</td>
   
   
   
   
   <td>Fire Pencil</td>
   
   
   
   
   <td>5 Pcs</td>
  
  
  
  
  </tr>
 
 
 
 
 </tbody>




</table>"
"GIFT BOXES","Great (28 items)","1 Box",400,"/images/giftbixes/7.jpg","<table cellspacing=""0"" cellpadding=""5"" bordercolor=""#e8ce7b"" border=""1"" align=""center"" width=""600"" style=""border-collapse: collapse;"">
 
 
 
 <tbody>
  
  
  
  <tr>
   
   
   
   <td width=""51"" class=""head"">S.No </td>
   
   
   
   <td width=""395"" class=""head"">Items</td>
   
   
   
   <td width=""124"" class=""head"">Qty</td>
  
  
  
  </tr>
  
  
  
  <tr>
   
   
   
   <td>1</td>
   
   
   
   <td>Bobby Gold Sparklers-7 cm</td>
   
   
   
   <td>10 Pcs</td>
  
  
  
  </tr>
  
  
  
  <tr>
   
   
   
   <td>2</td>
   
   
   
   <td>Bobby Crackling Sparklers-7 cm </td>
   
   
   
   <td>10Pcs</td>
  
  
  
  </tr>
  
  
  
  <tr>
   
   
   
   <td>3</td>
   
   
   
   <td>Chavi Gold Sparklers-9 cm</td>
   
   
   
   <td>10 Pcs</td>
  
  
  
  </tr>
  
  
  
  <tr>
   
   
   
   <td>4</td>
   
   
   
   <td>Export Crackling Sparklers-9 cm</td>
   
   
   
   <td>10 Pcs</td>
  
  
  
  </tr>
  
  
  
  <tr>
   
   
   
   <td> 5</td>
   
   
   
   <td>Jet Fountains</td>
   
   
   
   <td>5 Pcs</td>
  
  
  
  </tr>
  
  
  
  <tr>
   
   
   
   <td>6</td>
   
   
   
   <td>Red &amp; Green Chakkars</td>
   
   
   
   <td>10 Pcs</td>
  
  
  
  </tr>
  
  
  
  <tr>
   
   
   
   <td>7</td>
   
   
   
   <td>Twinkling Star</td>
   
   
   
   <td>5 Pcs</td>
  
  
  
  </tr>
  
  
  
  <tr>
   
   
   
   <td>8</td>
   
   
   
   <td>Fire Pencils</td>
   
   
   
   <td>5 Pcs</td>
  
  
  
  </tr>
  
  
  
  <tr>
   
   
   
   <td>9</td>
   
   
   
   <td>Surveyor Rocket</td>
   
   
   
   <td>5 Pcs</td>
  
  
  
  </tr>
  
  
  
  <tr>
   
   
   
   <td>10</td>
   
   
   
   <td>Hydrogen Bomb Green</td>
   
   
   
   <td>5 Pcs</td>
  
  
  
  </tr>
  
  
  
  <tr>
   
   
   
   <td>11</td>
   
   
   
   <td>500/5 Hitler- 10cm</td>
   
   
   
   <td>5 Pcs</td>
  
  
  
  </tr>
  
  
  
  <tr>
   
   
   
   <td>12</td>
   
   
   
   <td>1000/5 Sparrow-6.5 cm</td>
   
   
   
   <td>5 Pcs</td>
  
  
  
  </tr>
  
  
  
  <tr>
   
   
   
   <td>13</td>
   
   
   
   <td>30’s Bullet Fire Crackers</td>
   
   
   
   <td>1 Saram</td>
  
  
  
  </tr>
  
  
  
  <tr>
   
   
   
   <td>14</td>
   
   
   
   <td>30’s Big Bang Fire Crackers</td>
   
   
   
   <td>1 Saram</td>
  
  
  
  </tr>
  
  
  
  <tr>
   
   
   
   <td>15</td>
   
   
   
   <td>Bijili Crackers Stripped</td>
   
   
   
   <td>50 Pcs</td>
  
  
  
  </tr>
  
  
  
  <tr>
   
   
   
   <td>16</td>
   
   
   
   <td>Assorted Cartoons</td>
   
   
   
   <td>2 Pcs</td>
  
  
  
  </tr>
  
  
  
  <tr>
   
   
   
   <td>17</td>
   
   
   
   <td>Whizz Serpents</td>
   
   
   
   <td>2 Pcs</td>
  
  
  
  </tr>
  
  
  
  <tr>
   
   
   
   <td>18</td>
   
   
   
   <td>Signal lights</td>
   
   
   
   <td>1 Pce</td>
  
  
  
  </tr>
  
  
  
  <tr>
   
   
   
   <td>19</td>
   
   
   
   <td>Toy Bomb</td>
   
   
   
   <td>1 Pkt</td>
  
  
  
  </tr>
  
  
  
  <tr>
   
   
   
   <td>20</td>
   
   
   
   <td>Mini Fountain &ndash; Red</td>
   
   
   
   <td>2 Pcs</td>
  
  
  
  </tr>
  
  
  
  <tr>
   
   
   
   <td>21</td>
   
   
   
   <td>Mini Fountain - Gold</td>
   
   
   
   <td>2 Pcs</td>
  
  
  
  </tr>
  
  
  
  <tr>
   
   
   
   <td>22</td>
   
   
   
   <td>Mini Fountain - Silver</td>
   
   
   
   <td>2 Pcs</td>
  
  
  
  </tr>
  
  
  
  <tr>
   
   
   
   <td>23</td>
   
   
   
   <td>Mini Fountain &ndash; Green</td>
   
   
   
   <td>2 Pcs</td>
  
  
  
  </tr>
  
  
  
  <tr>
   
   
   
   <td>24</td>
   
   
   
   <td>Mini Fountain - Purple</td>
   
   
   
   <td>2 Pcs</td>
  
  
  
  </tr>
  
  
  
  <tr>
   
   
   
   <td>25</td>
   
   
   
   <td>Color Changing Butterfly</td>
   
   
   
   <td>1 Pce</td>
  
  
  
  </tr>
  
  
  
  <tr>
   
   
   
   <td>26</td>
   
   
   
   <td>Disco Flash</td>
   
   
   
   <td>2 Pcs</td>
  
  
  
  </tr>
  
  
  
  <tr>
   
   
   
   <td>27</td>
   
   
   
   <td>Butterfly Red &amp; Silver</td>
   
   
   
   <td>1 Pce</td>
  
  
  
  </tr>
  
  
  
  <tr>
   
   
   
   <td>28</td>
   
   
   
   <td>Colour Smoke Fountain</td>
   
   
   
   <td>1 Pce</td>
  
  
  
  </tr>
 
 
 
 </tbody>



</table>"
"GIFT BOXES","Wonderful(31 items)","1 Box",520,"/images/giftbixes/10.jpg","<table cellspacing=""0"" cellpadding=""5"" bordercolor=""#e8ce7b"" border=""1"" align=""center"" width=""600"" style=""border-collapse: collapse;"">
 
 
 
 <tbody>
  
  
  
  <tr>
   
   
   
   <td width=""51"" class=""head"">S.No </td>
   
   
   
   <td width=""395"" class=""head"">Items</td>
   
   
   
   <td width=""124"" class=""head"">Qty</td>
  
  
  
  </tr>
  
  
  
  <tr>
   
   
   
   <td>1</td>
   
   
   
   <td>Bobby Gold Sparklers &ndash; 7 cm</td>
   
   
   
   <td>10 Pcs</td>
  
  
  
  </tr>
  
  
  
  <tr>
   
   
   
   <td>2</td>
   
   
   
   <td>Bobby Crackling Sparklers -7 Cm</td>
   
   
   
   <td>10 Pcs</td>
  
  
  
  </tr>
  
  
  
  <tr>
   
   
   
   <td>3</td>
   
   
   
   <td>Chavi Gold Sparklers-9 Cm</td>
   
   
   
   <td>10 Pcs</td>
  
  
  
  </tr>
  
  
  
  <tr>
   
   
   
   <td>4</td>
   
   
   
   <td>Hydrogen Bomb Green</td>
   
   
   
   <td>5 Pcs</td>
  
  
  
  </tr>
  
  
  
  <tr>
   
   
   
   <td> 5</td>
   
   
   
   <td>Surveyor Rocket</td>
   
   
   
   <td>10 Pcs</td>
  
  
  
  </tr>
  
  
  
  <tr>
   
   
   
   <td>6</td>
   
   
   
   <td>Fire Pencils</td>
   
   
   
   <td>5 Pcs</td>
  
  
  
  </tr>
  
  
  
  <tr>
   
   
   
   <td>7</td>
   
   
   
   <td>Twinkling Star &ndash; 45 cm</td>
   
   
   
   <td>10 Pcs</td>
  
  
  
  </tr>
  
  
  
  <tr>
   
   
   
   <td>8</td>
   
   
   
   <td>Jet Fountains</td>
   
   
   
   <td>5 Pcs</td>
  
  
  
  </tr>
  
  
  
  <tr>
   
   
   
   <td>9</td>
   
   
   
   <td>Toy Bomb</td>
   
   
   
   <td>1 Pkt</td>
  
  
  
  </tr>
  
  
  
  <tr>
   
   
   
   <td>10</td>
   
   
   
   <td>Bijili Crackers Stripped</td>
   
   
   
   <td>50 Pcs</td>
  
  
  
  </tr>
  
  
  
  <tr>
   
   
   
   <td>11</td>
   
   
   
   <td>Colour changing Butterfly</td>
   
   
   
   <td>1 Pce</td>
  
  
  
  </tr>
  
  
  
  <tr>
   
   
   
   <td>12</td>
   
   
   
   <td>Red Colour Sparklers </td>
   
   
   
   <td>10 Pcs</td>
  
  
  
  </tr>
  
  
  
  <tr>
   
   
   
   <td>13</td>
   
   
   
   <td>30’s Bullet Fire Crackers</td>
   
   
   
   <td>1 Saram</td>
  
  
  
  </tr>
  
  
  
  <tr>
   
   
   
   <td>14</td>
   
   
   
   <td>30’s Big Bang Fire Crackers</td>
   
   
   
   <td>1 Saram</td>
  
  
  
  </tr>
  
  
  
  <tr>
   
   
   
   <td>15</td>
   
   
   
   <td>Red &amp; Green Chakkars</td>
   
   
   
   <td>10 Pcs</td>
  
  
  
  </tr>
  
  
  
  <tr>
   
   
   
   <td>16</td>
   
   
   
   <td>Butterfly Red &amp; Silver</td>
   
   
   
   <td>1 Pce</td>
  
  
  
  </tr>
  
  
  
  <tr>
   
   
   
   <td>17</td>
   
   
   
   <td>Two Sound &ndash; 9 Cm</td>
   
   
   
   <td>5 Pcs</td>
  
  
  
  </tr>
  
  
  
  <tr>
   
   
   
   <td>18</td>
   
   
   
   <td>1000/5 Sparrow &ndash; 6.5 Cm</td>
   
   
   
   <td>5 Pcs</td>
  
  
  
  </tr>
  
  
  
  <tr>
   
   
   
   <td>19</td>
   
   
   
   <td>500/5 Hitler &ndash; 10 Cm</td>
   
   
   
   <td>5 Pcs</td>
  
  
  
  </tr>
  
  
  
  <tr>
   
   
   
   <td>20</td>
   
   
   
   <td>Disco Flash</td>
   
   
   
   <td>2 Pcs</td>
  
  
  
  </tr>
  
  
  
  <tr>
   
   
   
   <td>21</td>
   
   
   
   <td>Mini Fountain &ndash; Red</td>
   
   
   
   <td>2 Pcs</td>
  
  
  
  </tr>
  
  
  
  <tr>
   
   
   
   <td>22</td>
   
   
   
   <td>Mini Fountain - Gold</td>
   
   
   
   <td>2 Pcs</td>
  
  
  
  </tr>
  
  
  
  <tr>
   
   
   
   <td>23</td>
   
   
   
   <td>Mini Fountain - Silver </td>
   
   
   
   <td>2 Pcs</td>
  
  
  
  </tr>
  
  
  
  <tr>
   
   
   
   <td>24</td>
   
   
   
   <td>Mini Fountain - Purple</td>
   
   
   
   <td>2 Pcs</td>
  
  
  
  </tr>
  
  
  
  <tr>
   
   
   
   <td>25</td>
   
   
   
   <td>Mini Fountain &ndash; Green</td>
   
   
   
   <td>2 Pcs</td>
  
  
  
  </tr>
  
  
  
  <tr>
   
   
   
   <td>26</td>
   
   
   
   <td>Signal Lights </td>
   
   
   
   <td>1 Pce</td>
  
  
  
  </tr>
  
  
  
  <tr>
   
   
   
   <td>27</td>
   
   
   
   <td>Whizz Serpents</td>
   
   
   
   <td>2 Pcs</td>
  
  
  
  </tr>
  
  
  
  <tr>
   
   
   
   <td>28</td>
   
   
   
   <td>Assorted Cartoons</td>
   
   
   
   <td>5 Pcs</td>
  
  
  
  </tr>
  
  
  
  <tr>
   
   
   
   <td>29</td>
   
   
   
   <td>Colour Smoke Fountain</td>
   
   
   
   <td>1 Pce</td>
  
  
  
  </tr>
  
  
  
  <tr>
   
   
   
   <td>30</td>
   
   
   
   <td>Butterfly Red </td>
   
   
   
   <td>1 Pce</td>
  
  
  
  </tr>
  
  
  
  <tr>
   
   
   
   <td>31</td>
   
   
   
   <td>Butterfly Silver </td>
   
   
   
   <td>1 Pce</td>
  
  
  
  </tr>
 
 
 
 </tbody>



</table>"
"GIFT BOXES","Glitter (25 items) Soundless","1 Box",560,"/images/giftbixes/12.jpg","<table cellspacing=""0"" cellpadding=""5"" bordercolor=""#e8ce7b"" border=""1"" align=""center"" width=""600"" style=""border-collapse: collapse;"">
 
 
 
 <tbody>
  
  
  
  <tr>
   
   
   
   <td width=""51"" class=""head"">S.No </td>
   
   
   
   <td width=""395"" class=""head"">Items</td>
   
   
   
   <td width=""124"" class=""head"">Qty</td>
  
  
  
  </tr>
  
  
  
  <tr>
   
   
   
   <td>1</td>
   
   
   
   <td>Bobby Gold Sparklers-7 cm</td>
   
   
   
   <td>10 Pcs</td>
  
  
  
  </tr>
  
  
  
  <tr>
   
   
   
   <td>2</td>
   
   
   
   <td>Bobby Crackling Sparklers</td>
   
   
   
   <td>10 Pcs</td>
  
  
  
  </tr>
  
  
  
  <tr>
   
   
   
   <td>3</td>
   
   
   
   <td>Green Colour Sparklers</td>
   
   
   
   <td>10 Pcs</td>
  
  
  
  </tr>
  
  
  
  <tr>
   
   
   
   <td>4</td>
   
   
   
   <td>Jet Fountains</td>
   
   
   
   <td>5 Pcs</td>
  
  
  
  </tr>
  
  
  
  <tr>
   
   
   
   <td> 5</td>
   
   
   
   <td>Zamin Chakkars Asoka</td>
   
   
   
   <td>10 Pcs</td>
  
  
  
  </tr>
  
  
  
  <tr>
   
   
   
   <td>6</td>
   
   
   
   <td>Twinkling Star &ndash; 45 cm</td>
   
   
   
   <td>10 Pcs</td>
  
  
  
  </tr>
  
  
  
  <tr>
   
   
   
   <td>7</td>
   
   
   
   <td>Emarald Diamonds</td>
   
   
   
   <td>10 Pcs</td>
  
  
  
  </tr>
  
  
  
  <tr>
   
   
   
   <td>8</td>
   
   
   
   <td>Electric Stones</td>
   
   
   
   <td>10 Pcs</td>
  
  
  
  </tr>
  
  
  
  <tr>
   
   
   
   <td>9</td>
   
   
   
   <td>Signal Lights</td>
   
   
   
   <td>1 Pce</td>
  
  
  
  </tr>
  
  
  
  <tr>
   
   
   
   <td>10</td>
   
   
   
   <td>Assorted Cartoon</td>
   
   
   
   <td>5 Pcs</td>
  
  
  
  </tr>
  
  
  
  <tr>
   
   
   
   <td>11</td>
   
   
   
   <td>Glittering Gems</td>
   
   
   
   <td>1 Pkt</td>
  
  
  
  </tr>
  
  
  
  <tr>
   
   
   
   <td>12</td>
   
   
   
   <td>Colour Changing Butterfly</td>
   
   
   
   <td>1 Pce</td>
  
  
  
  </tr>
  
  
  
  <tr>
   
   
   
   <td>13</td>
   
   
   
   <td>Gold Rush</td>
   
   
   
   <td>1 Pce</td>
  
  
  
  </tr>
  
  
  
  <tr>
   
   
   
   <td>14</td>
   
   
   
   <td>Golden Whistle Small</td>
   
   
   
   <td>1 Pce</td>
  
  
  
  </tr>
  
  
  
  <tr>
   
   
   
   <td>15</td>
   
   
   
   <td>Fire Pencils</td>
   
   
   
   <td>5 Pcs</td>
  
  
  
  </tr>
  
  
  
  <tr>
   
   
   
   <td>16</td>
   
   
   
   <td>Disco Flash</td>
   
   
   
   <td>2 Pcs</td>
  
  
  
  </tr>
  
  
  
  <tr>
   
   
   
   <td>17</td>
   
   
   
   <td>Mini Fountain &ndash; Red </td>
   
   
   
   <td>2 Pcs</td>
  
  
  
  </tr>
  
  
  
  <tr>
   
   
   
   <td>18</td>
   
   
   
   <td>Mini Fountain - Gold</td>
   
   
   
   <td>2 Pcs</td>
  
  
  
  </tr>
  
  
  
  <tr>
   
   
   
   <td>19</td>
   
   
   
   <td>Mini Fountain - Silver </td>
   
   
   
   <td>2 Pcs</td>
  
  
  
  </tr>
  
  
  
  <tr>
   
   
   
   <td>20</td>
   
   
   
   <td>Mini Fountain - Purple</td>
   
   
   
   <td>2 Pcs</td>
  
  
  
  </tr>
  
  
  
  <tr>
   
   
   
   <td>21</td>
   
   
   
   <td>Mini Fountain &ndash; Green</td>
   
   
   
   <td>2 Pcs</td>
  
  
  
  </tr>
  
  
  
  <tr>
   
   
   
   <td>22</td>
   
   
   
   <td>Color Smoke Fountain</td>
   
   
   
   <td>1 Pce</td>
  
  
  
  </tr>
  
  
  
  <tr>
   
   
   
   <td>23</td>
   
   
   
   <td>Cheers</td>
   
   
   
   <td>1 Pce</td>
  
  
  
  </tr>
  
  
  
  <tr>
   
   
   
   <td>24</td>
   
   
   
   <td>Butterfly Red &amp; Silver</td>
   
   
   
   <td>1 Pce</td>
  
  
  
  </tr>
  
  
  
  <tr>
   
   
   
   <td>25</td>
   
   
   
   <td>Happiness</td>
   
   
   
   <td>1 Pce</td>
  
  
  
  </tr>
 
 
 
 </tbody>



</table>"
"GIFT BOXES","Fantastic(34 items)","1 Box",600,"/images/giftbixes/13.jpg","<table cellspacing=""0"" cellpadding=""5"" bordercolor=""#e8ce7b"" border=""1"" align=""center"" width=""600"" style=""border-collapse: collapse;"">
 
 
 
 <tbody>
  
  
  
  <tr>
   
   
   
   <td width=""51"" class=""head"">S.No </td>
   
   
   
   <td width=""395"" class=""head"">Items</td>
   
   
   
   <td width=""124"" class=""head"">Qty</td>
  
  
  
  </tr>
  
  
  
  <tr>
   
   
   
   <td>1</td>
   
   
   
   <td>Bobby Gold Sparklers &ndash; 7 cm</td>
   
   
   
   <td>10 Pcs</td>
  
  
  
  </tr>
  
  
  
  <tr>
   
   
   
   <td>2</td>
   
   
   
   <td>Bobby Crackling Sparklers -7 Cm</td>
   
   
   
   <td>10 Pcs</td>
  
  
  
  </tr>
  
  
  
  <tr>
   
   
   
   <td>3</td>
   
   
   
   <td>Chavi Gold Sparklers</td>
   
   
   
   <td>10 Pcs</td>
  
  
  
  </tr>
  
  
  
  <tr>
   
   
   
   <td>4</td>
   
   
   
   <td>Red Colour Sparklers</td>
   
   
   
   <td>10 Pcs</td>
  
  
  
  </tr>
  
  
  
  <tr>
   
   
   
   <td> 5</td>
   
   
   
   <td>Red &amp; Green Chakkars</td>
   
   
   
   <td>10 Pcs</td>
  
  
  
  </tr>
  
  
  
  <tr>
   
   
   
   <td>6</td>
   
   
   
   <td>Surveyor Rocket</td>
   
   
   
   <td>5 Pcs</td>
  
  
  
  </tr>
  
  
  
  <tr>
   
   
   
   <td>7</td>
   
   
   
   <td>Peacock Sure Shots &ndash; Big</td>
   
   
   
   <td>10 Pcs</td>
  
  
  
  </tr>
  
  
  
  <tr>
   
   
   
   <td>8</td>
   
   
   
   <td>Peacock Sure Shots &ndash; Mini</td>
   
   
   
   <td>10 Pcs</td>
  
  
  
  </tr>
  
  
  
  <tr>
   
   
   
   <td>9</td>
   
   
   
   <td>1000/5 Sparrow Crackers</td>
   
   
   
   <td>5 Pcs</td>
  
  
  
  </tr>
  
  
  
  <tr>
   
   
   
   <td>10</td>
   
   
   
   <td>Two Sound Crackers</td>
   
   
   
   <td>5 Pcs</td>
  
  
  
  </tr>
  
  
  
  <tr>
   
   
   
   <td>11</td>
   
   
   
   <td>500/5 Hitler crackers</td>
   
   
   
   <td>5 Pcs</td>
  
  
  
  </tr>
  
  
  
  <tr>
   
   
   
   <td>12</td>
   
   
   
   <td>30’s Big Bang Fire Crackers</td>
   
   
   
   <td>1 Saram</td>
  
  
  
  </tr>
  
  
  
  <tr>
   
   
   
   <td>13</td>
   
   
   
   <td>100’s Bullet FireCrackers</td>
   
   
   
   <td>1 Saram</td>
  
  
  
  </tr>
  
  
  
  <tr>
   
   
   
   <td>14</td>
   
   
   
   <td>30’s Bullet FireCrackers</td>
   
   
   
   <td>1 Saram</td>
  
  
  
  </tr>
  
  
  
  <tr>
   
   
   
   <td>15</td>
   
   
   
   <td>Bijili Crackers Stripped</td>
   
   
   
   <td>50 Pcs</td>
  
  
  
  </tr>
  
  
  
  <tr>
   
   
   
   <td>16</td>
   
   
   
   <td>Butterfly Red &amp; Silver</td>
   
   
   
   <td>1 Pce</td>
  
  
  
  </tr>
  
  
  
  <tr>
   
   
   
   <td>17</td>
   
   
   
   <td>Butterfly Red</td>
   
   
   
   <td>1 Pce</td>
  
  
  
  </tr>
  
  
  
  <tr>
   
   
   
   <td>18</td>
   
   
   
   <td>Butterfly Silver </td>
   
   
   
   <td>1 Pce</td>
  
  
  
  </tr>
  
  
  
  <tr>
   
   
   
   <td>19</td>
   
   
   
   <td>Hydrogen Bomb Green</td>
   
   
   
   <td>5 Pcs</td>
  
  
  
  </tr>
  
  
  
  <tr>
   
   
   
   <td>20</td>
   
   
   
   <td>Fire Pencil</td>
   
   
   
   <td>5 Pcs</td>
  
  
  
  </tr>
  
  
  
  <tr>
   
   
   
   <td>21</td>
   
   
   
   <td>Twinkling Star-45cm</td>
   
   
   
   <td>10 Pcs</td>
  
  
  
  </tr>
  
  
  
  <tr>
   
   
   
   <td>22</td>
   
   
   
   <td>Color Smoke Fountain</td>
   
   
   
   <td>1 Pce</td>
  
  
  
  </tr>
  
  
  
  <tr>
   
   
   
   <td>23</td>
   
   
   
   <td>Jet Fountains</td>
   
   
   
   <td>5 Pcs</td>
  
  
  
  </tr>
  
  
  
  <tr>
   
   
   
   <td>24</td>
   
   
   
   <td>Mini Fountain &ndash; Red</td>
   
   
   
   <td>2 Pcs</td>
  
  
  
  </tr>
  
  
  
  <tr>
   
   
   
   <td>25</td>
   
   
   
   <td>Mini Fountain - Gold</td>
   
   
   
   <td>2 Pcs</td>
  
  
  
  </tr>
  
  
  
  <tr>
   
   
   
   <td>26</td>
   
   
   
   <td>Mini Fountain - Silver</td>
   
   
   
   <td>2 Pcs</td>
  
  
  
  </tr>
  
  
  
  <tr>
   
   
   
   <td>27</td>
   
   
   
   <td>Mini Fountain - Purple</td>
   
   
   
   <td>2 Pcs</td>
  
  
  
  </tr>
  
  
  
  <tr>
   
   
   
   <td>28</td>
   
   
   
   <td>Mini Fountain &ndash; Green</td>
   
   
   
   <td>2 Pcs</td>
  
  
  
  </tr>
  
  
  
  <tr>
   
   
   
   <td>29</td>
   
   
   
   <td>Colour changing Butterfly</td>
   
   
   
   <td>1 Pce</td>
  
  
  
  </tr>
  
  
  
  <tr>
   
   
   
   <td>30</td>
   
   
   
   <td>Signal Lights</td>
   
   
   
   <td>1 Pce</td>
  
  
  
  </tr>
  
  
  
  <tr>
   
   
   
   <td>31</td>
   
   
   
   <td>Whizz Serpents</td>
   
   
   
   <td>2 Pcs</td>
  
  
  
  </tr>
  
  
  
  <tr>
   
   
   
   <td>32</td>
   
   
   
   <td>Assorted Cartoons</td>
   
   
   
   <td>5 Pcs</td>
  
  
  
  </tr>
  
  
  
  <tr>
   
   
   
   <td>33</td>
   
   
   
   <td>Disco Flash</td>
   
   
   
   <td>2 Pcs</td>
  
  
  
  </tr>
  
  
  
  <tr>
   
   
   
   <td>34</td>
   
   
   
   <td>Toy Bomb</td>
   
   
   
   <td>1 Pkt</td>
  
  
  
  </tr>
 
 
 
 </tbody>



</table>"
"GIFT BOXES","Dazzle (27 items) Soundless","1 Box",700,"/images/giftbixes/15.jpg","<table cellspacing=""0"" cellpadding=""5"" bordercolor=""#e8ce7b"" border=""1"" align=""center"" width=""600"" style=""border-collapse: collapse;"">
 
 
 
 
 <tbody>
  
  
  
  
  <tr>
   
   
   
   
   <td width=""51"" class=""head"">S.No </td>
   
   
   
   
   <td width=""395"" class=""head"">Items</td>
   
   
   
   
   <td width=""124"" class=""head"">Qty</td>
  
  
  
  
  </tr>
  
  
  
  
  <tr>
   
   
   
   
   <td>1</td>
   
   
   
   
   <td>Red Colour Sparklers &ndash; 15 Cm</td>
   
   
   
   
   <td>10 Pcs</td>
  
  
  
  
  </tr>
  
  
  
  
  <tr>
   
   
   
   
   <td>2</td>
   
   
   
   
   <td>Green Colour Sparklers</td>
   
   
   
   
   <td>10 Pcs</td>
  
  
  
  
  </tr>
  
  
  
  
  <tr>
   
   
   
   
   <td>3</td>
   
   
   
   
   <td>Jet Fountains</td>
   
   
   
   
   <td>5 Pcs</td>
  
  
  
  
  </tr>
  
  
  
  
  <tr>
   
   
   
   
   <td>4</td>
   
   
   
   
   <td>Red &amp; Green Chakkars</td>
   
   
   
   
   <td>10 Pcs</td>
  
  
  
  
  </tr>
  
  
  
  
  <tr>
   
   
   
   
   <td> 5</td>
   
   
   
   
   <td>Zamin Chakkars Asoka</td>
   
   
   
   
   <td>10 Pcs</td>
  
  
  
  
  </tr>
  
  
  
  
  <tr>
   
   
   
   
   <td>6</td>
   
   
   
   
   <td>Twinkling Star &ndash; 45 cm</td>
   
   
   
   
   <td>10 Pcs</td>
  
  
  
  
  </tr>
  
  
  
  
  <tr>
   
   
   
   
   <td>7</td>
   
   
   
   
   <td>Fire Pencils</td>
   
   
   
   
   <td>10 Pcs</td>
  
  
  
  
  </tr>
  
  
  
  
  <tr>
   
   
   
   
   <td>8</td>
   
   
   
   
   <td>Emerald Diamonds</td>
   
   
   
   
   <td>10 Pcs</td>
  
  
  
  
  </tr>
  
  
  
  
  <tr>
   
   
   
   
   <td>9</td>
   
   
   
   
   <td>Electric Stones</td>
   
   
   
   
   <td>10 Pcs</td>
  
  
  
  
  </tr>
  
  
  
  
  <tr>
   
   
   
   
   <td>10</td>
   
   
   
   
   <td>Assorted Cartoons</td>
   
   
   
   
   <td>10 Pcs</td>
  
  
  
  
  </tr>
  
  
  
  
  <tr>
   
   
   
   
   <td>11</td>
   
   
   
   
   <td>Signal Lights</td>
   
   
   
   
   <td>10 Pcs</td>
  
  
  
  
  </tr>
  
  
  
  
  <tr>
   
   
   
   
   <td>12</td>
   
   
   
   
   <td>Glittering Gems</td>
   
   
   
   
   <td>2 Pcs</td>
  
  
  
  
  </tr>
  
  
  
  
  <tr>
   
   
   
   
   <td>13</td>
   
   
   
   
   <td>Golden Whistle Small</td>
   
   
   
   
   <td>1 Pce</td>
  
  
  
  
  </tr>
  
  
  
  
  <tr>
   
   
   
   
   <td>14</td>
   
   
   
   
   <td>Gold Rush</td>
   
   
   
   
   <td>1 Pce</td>
  
  
  
  
  </tr>
  
  
  
  
  <tr>
   
   
   
   
   <td>15</td>
   
   
   
   
   <td>Disco Flash</td>
   
   
   
   
   <td>2 Pcs</td>
  
  
  
  
  </tr>
  
  
  
  
  <tr>
   
   
   
   
   <td>16</td>
   
   
   
   
   <td>Mini Fountain &ndash; Red</td>
   
   
   
   
   <td>2 Pcs</td>
  
  
  
  
  </tr>
  
  
  
  
  <tr>
   
   
   
   
   <td>17</td>
   
   
   
   
   <td>Mini Fountain - Gold</td>
   
   
   
   
   <td>2 Pcs</td>
  
  
  
  
  </tr>
  
  
  
  
  <tr>
   
   
   
   
   <td>18</td>
   
   
   
   
   <td>Mini Fountain - Silver</td>
   
   
   
   
   <td>2 Pcs</td>
  
  
  
  
  </tr>
  
  
  
  
  <tr>
   
   
   
   
   <td>19</td>
   
   
   
   
   <td>Mini Fountain - Purple</td>
   
   
   
   
   <td>2 Pcs</td>
  
  
  
  
  </tr>
  
  
  
  
  <tr>
   
   
   
   
   <td>20</td>
   
   
   
   
   <td>Mini Fountain &ndash; Green</td>
   
   
   
   
   <td>2 Pcs</td>
  
  
  
  
  </tr>
  
  
  
  
  <tr>
   
   
   
   
   <td>21</td>
   
   
   
   
   <td>Happiness</td>
   
   
   
   
   <td>1 Pce</td>
  
  
  
  
  </tr>
  
  
  
  
  <tr>
   
   
   
   
   <td>22</td>
   
   
   
   
   <td>Cheers</td>
   
   
   
   
   <td>1 Pce</td>
  
  
  
  
  </tr>
  
  
  
  
  <tr>
   
   
   
   
   <td>23</td>
   
   
   
   
   <td>Jade Flowers</td>
   
   
   
   
   <td>1 Pce</td>
  
  
  
  
  </tr>
  
  
  
  
  <tr>
   
   
   
   
   <td>24</td>
   
   
   
   
   <td>Magic Spray Confetti</td>
   
   
   
   
   <td>1 Pce</td>
  
  
  
  
  </tr>
  
  
  
  
  <tr>
   
   
   
   
   <td>25</td>
   
   
   
   
   <td>Colour Smoke Fountain</td>
   
   
   
   
   <td>1 Pce</td>
  
  
  
  
  </tr>
  
  
  
  
  <tr>
   
   
   
   
   <td>26</td>
   
   
   
   
   <td>Colour Changing Butterfly</td>
   
   
   
   
   <td>2 Pcs</td>
  
  
  
  
  </tr>
  
  
  
  
  <tr>
   
   
   
   
   <td>27</td>
   
   
   
   
   <td>Butterfly Red &amp; Silver</td>
   
   
   
   
   <td>2 Pcs</td>
  
  
  
  
  </tr>
 
 
 
 
 </tbody>




</table>"
"GIFT BOXES","Khushi (36 items)","1 Box",700,"/images/giftbixes/16.jpg","<table cellspacing=""0"" cellpadding=""5"" bordercolor=""#e8ce7b"" border=""1"" align=""center"" width=""600"" style=""border-collapse: collapse;"">
 
 
 
 <tbody>
  
  
  
  <tr>
   
   
   
   <td width=""51"" class=""head"">S.No </td>
   
   
   
   <td width=""395"" class=""head"">Items</td>
   
   
   
   <td width=""124"" class=""head"">Qty</td>
  
  
  
  </tr>
  
  
  
  <tr>
   
   
   
   <td>1</td>
   
   
   
   <td>Bobby Gold Sparklers &ndash; 7 cm</td>
   
   
   
   <td>10 Pcs</td>
  
  
  
  </tr>
  
  
  
  <tr>
   
   
   
   <td>2</td>
   
   
   
   <td>Bobby Crackling Sparklers -7 Cm</td>
   
   
   
   <td>10 Pcs</td>
  
  
  
  </tr>
  
  
  
  <tr>
   
   
   
   <td>3</td>
   
   
   
   <td>Chavi Gold Sparklers</td>
   
   
   
   <td>10 Pcs</td>
  
  
  
  </tr>
  
  
  
  <tr>
   
   
   
   <td>4</td>
   
   
   
   <td>Green Colour Sparklers</td>
   
   
   
   <td>10 Pcs</td>
  
  
  
  </tr>
  
  
  
  <tr>
   
   
   
   <td> 5</td>
   
   
   
   <td>Red Colour Sparklers</td>
   
   
   
   <td>10 Pcs</td>
  
  
  
  </tr>
  
  
  
  <tr>
   
   
   
   <td>6</td>
   
   
   
   <td>Jet Fountains</td>
   
   
   
   <td>5 Pcs</td>
  
  
  
  </tr>
  
  
  
  <tr>
   
   
   
   <td>7</td>
   
   
   
   <td>Zamin Chakkars Asoka</td>
   
   
   
   <td>10 Pcs</td>
  
  
  
  </tr>
  
  
  
  <tr>
   
   
   
   <td>8</td>
   
   
   
   <td>Red &amp; Green Chakkars</td>
   
   
   
   <td>10 Pcs</td>
  
  
  
  </tr>
  
  
  
  <tr>
   
   
   
   <td>9</td>
   
   
   
   <td>Twinkling Star &ndash; 45 cm</td>
   
   
   
   <td>10 Pcs</td>
  
  
  
  </tr>
  
  
  
  <tr>
   
   
   
   <td>10</td>
   
   
   
   <td>Fire Pencils</td>
   
   
   
   <td>5 Pcs</td>
  
  
  
  </tr>
  
  
  
  <tr>
   
   
   
   <td>11</td>
   
   
   
   <td>Surveyor Rocket</td>
   
   
   
   <td>10 Pcs</td>
  
  
  
  </tr>
  
  
  
  <tr>
   
   
   
   <td>12</td>
   
   
   
   <td>Hydrogen Bomb Green</td>
   
   
   
   <td>5 Pcs</td>
  
  
  
  </tr>
  
  
  
  <tr>
   
   
   
   <td>13</td>
   
   
   
   <td>500/5 Hitler &ndash; 10 Cm</td>
   
   
   
   <td>5 Pcs</td>
  
  
  
  </tr>
  
  
  
  <tr>
   
   
   
   <td>14</td>
   
   
   
   <td>1000/5 Sparrow &ndash; 6.5 Cm</td>
   
   
   
   <td>5 Pcs</td>
  
  
  
  </tr>
  
  
  
  <tr>
   
   
   
   <td>15</td>
   
   
   
   <td>Two Sound &ndash; 9 Cm</td>
   
   
   
   <td>5 Pcs</td>
  
  
  
  </tr>
  
  
  
  <tr>
   
   
   
   <td>16</td>
   
   
   
   <td>30’s Bullet Fire Crackers</td>
   
   
   
   <td>1 Saram</td>
  
  
  
  </tr>
  
  
  
  <tr>
   
   
   
   <td>17</td>
   
   
   
   <td>30’s Big Bang Fire Crackers</td>
   
   
   
   <td>1 Saram</td>
  
  
  
  </tr>
  
  
  
  <tr>
   
   
   
   <td>18</td>
   
   
   
   <td>Peacock Sure Shots &ndash; Big</td>
   
   
   
   <td>10 Pcs</td>
  
  
  
  </tr>
  
  
  
  <tr>
   
   
   
   <td>19</td>
   
   
   
   <td>Peacock Sure Shots &ndash; Mini</td>
   
   
   
   <td>10 Pcs</td>
  
  
  
  </tr>
  
  
  
  <tr>
   
   
   
   <td>20</td>
   
   
   
   <td>Lar 100 Bullet Crackers</td>
   
   
   
   <td>1 Saram</td>
  
  
  
  </tr>
  
  
  
  <tr>
   
   
   
   <td>21</td>
   
   
   
   <td>Bijili Crackers Stripped</td>
   
   
   
   <td>50 Pcs</td>
  
  
  
  </tr>
  
  
  
  <tr>
   
   
   
   <td>22</td>
   
   
   
   <td>Assorted Cartoons</td>
   
   
   
   <td>5 Pcs</td>
  
  
  
  </tr>
  
  
  
  <tr>
   
   
   
   <td>23</td>
   
   
   
   <td>Whizz Serpents</td>
   
   
   
   <td>2 Pcs</td>
  
  
  
  </tr>
  
  
  
  <tr>
   
   
   
   <td>24</td>
   
   
   
   <td>Signal Lights</td>
   
   
   
   <td>1 Pce</td>
  
  
  
  </tr>
  
  
  
  <tr>
   
   
   
   <td>25</td>
   
   
   
   <td>Golden Whistle Small</td>
   
   
   
   <td>1 Pce</td>
  
  
  
  </tr>
  
  
  
  <tr>
   
   
   
   <td>26</td>
   
   
   
   <td>Toy Bomb</td>
   
   
   
   <td>1 Pkt</td>
  
  
  
  </tr>
  
  
  
  <tr>
   
   
   
   <td>27</td>
   
   
   
   <td>Mini Fountain &ndash; Red</td>
   
   
   
   <td>2 Pcs</td>
  
  
  
  </tr>
  
  
  
  <tr>
   
   
   
   <td>28</td>
   
   
   
   <td>Mini Fountain - Gold</td>
   
   
   
   <td>2 Pcs</td>
  
  
  
  </tr>
  
  
  
  <tr>
   
   
   
   <td>29</td>
   
   
   
   <td>Mini Fountain - Silver</td>
   
   
   
   <td>2 Pcs</td>
  
  
  
  </tr>
  
  
  
  <tr>
   
   
   
   <td>30</td>
   
   
   
   <td>Mini Fountain - Purple</td>
   
   
   
   <td>2 Pcs</td>
  
  
  
  </tr>
  
  
  
  <tr>
   
   
   
   <td>31</td>
   
   
   
   <td>Mini Fountain &ndash; Green</td>
   
   
   
   <td>2 Pcs</td>
  
  
  
  </tr>
  
  
  
  <tr>
   
   
   
   <td>32</td>
   
   
   
   <td>Disco Flash</td>
   
   
   
   <td>2 Pcs</td>
  
  
  
  </tr>
  
  
  
  <tr>
   
   
   
   <td>33</td>
   
   
   
   <td>Colour Smoke Fountain</td>
   
   
   
   <td>1 Pce</td>
  
  
  
  </tr>
  
  
  
  <tr>
   
   
   
   <td>34</td>
   
   
   
   <td>Butterfly Red </td>
   
   
   
   <td>1 Pce</td>
  
  
  
  </tr>
  
  
  
  <tr>
   
   
   
   <td>35</td>
   
   
   
   <td>Butterfly Silver </td>
   
   
   
   <td>1 Pce</td>
  
  
  
  </tr>
  
  
  
  <tr>
   
   
   
   <td>36</td>
   
   
   
   <td>Butterfly Red &amp; Silver</td>
   
   
   
   <td>1 Pce</td>
  
  
  
  </tr>
 
 
 
 </tbody>



</table>"
"GIFT BOXES","Marvel (27 items)Soundless","1 Box",1230,"/images/giftbixes/21.jpg","<table cellspacing=""0"" cellpadding=""5"" bordercolor=""#e8ce7b"" border=""1"" align=""center"" width=""600"" style=""border-collapse: collapse;"">
 
 
 <tbody>
  
  
  <tr>
   
   
   <td width=""51"" class=""head"">S.No </td>
   
   
   <td width=""395"" class=""head"">Items</td>
   
   
   <td width=""124"" class=""head"">Qty</td>
  
  
  </tr>
  
  
  <tr>
   
   
   <td>1</td>
   
   
   <td>Signal Lights</td>
   
   
   <td>10 Pcs</td>
  
  
  </tr>
  
  
  <tr>
   
   
   <td>2</td>
   
   
   <td>Tri Colour Sparklers</td>
   
   
   <td>30 Pcs</td>
  
  
  </tr>
  
  
  <tr>
   
   
   <td>3</td>
   
   
   <td>Gold Sparklers 30 cm </td>
   
   
   <td>10 Pcs</td>
  
  
  </tr>
  
  
  <tr>
   
   
   <td>4</td>
   
   
   <td>Red &amp; Green Chakkars</td>
   
   
   <td>10 Pcs</td>
  
  
  </tr>
  
  
  <tr>
   
   
   <td> 5</td>
   
   
   <td>Zamin Chakkars Asoka</td>
   
   
   <td>10 Pcs</td>
  
  
  </tr>
  
  
  <tr>
   
   
   <td>6</td>
   
   
   <td>Twinkling Star &ndash; 45 cm</td>
   
   
   <td>10 Pcs</td>
  
  
  </tr>
  
  
  <tr>
   
   
   <td>7</td>
   
   
   <td>The Great splendor</td>
   
   
   <td>1 Pce</td>
  
  
  </tr>
  
  
  <tr>
   
   
   <td>8</td>
   
   
   <td>Red &amp; Green Chakkars</td>
   
   
   <td>10 Pcs</td>
  
  
  </tr>
  
  
  <tr>
   
   
   <td>9</td>
   
   
   <td>Colour changing Butterfly</td>
   
   
   <td>5 Pcs</td>
  
  
  </tr>
  
  
  <tr>
   
   
   <td>10</td>
   
   
   <td>Gold Rush</td>
   
   
   <td>1 Pce</td>
  
  
  </tr>
  
  
  <tr>
   
   
   <td>11</td>
   
   
   <td>Glittering Gems</td>
   
   
   <td>1 Saram</td>
  
  
  </tr>
  
  
  <tr>
   
   
   <td>12</td>
   
   
   <td>Musical Crackers</td>
   
   
   <td>1 Saram</td>
  
  
  </tr>
  
  
  <tr>
   
   
   <td>13</td>
   
   
   <td>Moon Series Whistling Rockets</td>
   
   
   <td>10 Pcs</td>
  
  
  </tr>
  
  
  <tr>
   
   
   <td>14</td>
   
   
   <td>Golden Whistle Small</td>
   
   
   <td>1 Pce</td>
  
  
  </tr>
  
  
  <tr>
   
   
   <td>15</td>
   
   
   <td>Magic Spray Confetti </td>
   
   
   <td>1 Pce</td>
  
  
  </tr>
  
  
  <tr>
   
   
   <td>16</td>
   
   
   <td>Fire Pencils</td>
   
   
   <td>10 Pcs</td>
  
  
  </tr>
  
  
  <tr>
   
   
   <td>17</td>
   
   
   <td>Happiness</td>
   
   
   <td>1 Pce</td>
  
  
  </tr>
  
  
  <tr>
   
   
   <td>18</td>
   
   
   <td>Butterfly Red &amp; Silver</td>
   
   
   <td>5 Pcs</td>
  
  
  </tr>
  
  
  <tr>
   
   
   <td>19</td>
   
   
   <td>Cheers</td>
   
   
   <td>1 Pce</td>
  
  
  </tr>
  
  
  <tr>
   
   
   <td>20</td>
   
   
   <td>Jade Flowers</td>
   
   
   <td>1 Pce</td>
  
  
  </tr>
  
  
  <tr>
   
   
   <td>21</td>
   
   
   <td>Disco Flash</td>
   
   
   <td>6 Pcs</td>
  
  
  </tr>
  
  
  <tr>
   
   
   <td>22</td>
   
   
   <td>Mini Fountain &ndash; Red</td>
   
   
   <td>6 Pcs</td>
  
  
  </tr>
  
  
  <tr>
   
   
   <td>23</td>
   
   
   <td>Mini Fountain - Gold</td>
   
   
   <td>6 Pcs</td>
  
  
  </tr>
  
  
  <tr>
   
   
   <td>24</td>
   
   
   <td>Mini Fountain - Silver</td>
   
   
   <td>6 Pcs</td>
  
  
  </tr>
  
  
  <tr>
   
   
   <td>25</td>
   
   
   <td>Mini Fountain - Purple</td>
   
   
   <td>6 Pcs</td>
  
  
  </tr>
  
  
  <tr>
   
   
   <td>26</td>
   
   
   <td>Mini Fountain &ndash; Green</td>
   
   
   <td>6 Pcs</td>
  
  
  </tr>
  
  
  <tr>
   
   
   <td>27</td>
   
   
   <td>Colour Smoke Fountain</td>
   
   
   <td>5 Pcs</td>
  
  
  </tr>
 
 
 </tbody>


</table>"
"GIFT BOXES","Diamond(43 items)Soundless","1 Box",900,"/images/giftbixes/18.jpg","<table cellspacing=""0"" cellpadding=""5"" bordercolor=""#e8ce7b"" border=""1"" align=""center"" width=""600"" style=""border-collapse: collapse;"">
 
 
 
 <tbody>
  
  
  
  <tr>
   
   
   
   <td width=""51"" class=""head"">S.No </td>
   
   
   
   <td width=""395"" class=""head"">Items</td>
   
   
   
   <td width=""124"" class=""head"">Qty</td>
  
  
  
  </tr>
  
  
  
  <tr>
   
   
   
   <td>1</td>
   
   
   
   <td>Bobby Gold Sparklers &ndash; 7 cm</td>
   
   
   
   <td>10 Pcs</td>
  
  
  
  </tr>
  
  
  
  <tr>
   
   
   
   <td>2</td>
   
   
   
   <td>Bobby Crackling Sparklers -7 Cm</td>
   
   
   
   <td>10 Pcs</td>
  
  
  
  </tr>
  
  
  
  <tr>
   
   
   
   <td>3</td>
   
   
   
   <td>Chavi Gold Sparklers</td>
   
   
   
   <td>10 Pcs</td>
  
  
  
  </tr>
  
  
  
  <tr>
   
   
   
   <td>4</td>
   
   
   
   <td>Green Colour Sparklers</td>
   
   
   
   <td>10 Pcs</td>
  
  
  
  </tr>
  
  
  
  <tr>
   
   
   
   <td> 5</td>
   
   
   
   <td>Red Colour Sparklers </td>
   
   
   
   <td>10 Pcs</td>
  
  
  
  </tr>
  
  
  
  <tr>
   
   
   
   <td>6</td>
   
   
   
   <td>Crackling Sparklers &ndash; 30 cm </td>
   
   
   
   <td>5 Pcs</td>
  
  
  
  </tr>
  
  
  
  <tr>
   
   
   
   <td>7</td>
   
   
   
   <td>4 Colour Sparklers (Mixed) </td>
   
   
   
   <td>10 Pcs</td>
  
  
  
  </tr>
  
  
  
  <tr>
   
   
   
   <td>8</td>
   
   
   
   <td>Jet Fountains </td>
   
   
   
   <td>5 Pcs</td>
  
  
  
  </tr>
  
  
  
  <tr>
   
   
   
   <td>9</td>
   
   
   
   <td>Zamin Chakkars Asoka</td>
   
   
   
   <td>10 Pcs</td>
  
  
  
  </tr>
  
  
  
  <tr>
   
   
   
   <td>10</td>
   
   
   
   <td>Red &amp; Green Chakkars</td>
   
   
   
   <td>10 Pcs</td>
  
  
  
  </tr>
  
  
  
  <tr>
   
   
   
   <td>11</td>
   
   
   
   <td>Twinkling Star &ndash; 45 cm</td>
   
   
   
   <td>10 Pcs</td>
  
  
  
  </tr>
  
  
  
  <tr>
   
   
   
   <td>12</td>
   
   
   
   <td>Fire Pencils</td>
   
   
   
   <td>5 Pcs</td>
  
  
  
  </tr>
  
  
  
  <tr>
   
   
   
   <td>13</td>
   
   
   
   <td>Rain Bow rockets</td>
   
   
   
   <td>10 Pcs</td>
  
  
  
  </tr>
  
  
  
  <tr>
   
   
   
   <td>14</td>
   
   
   
   <td>Hydrogen Bomb Green </td>
   
   
   
   <td>5 Pcs</td>
  
  
  
  </tr>
  
  
  
  <tr>
   
   
   
   <td>15</td>
   
   
   
   <td>500/5 Hitler &ndash; 10 Cm</td>
   
   
   
   <td>5 Pcs</td>
  
  
  
  </tr>
  
  
  
  <tr>
   
   
   
   <td>16</td>
   
   
   
   <td>1000/5 Sparrow &ndash; 6.5 Cm</td>
   
   
   
   <td>5 Pcs</td>
  
  
  
  </tr>
  
  
  
  <tr>
   
   
   
   <td>17</td>
   
   
   
   <td>Two sound &ndash; 9 cm</td>
   
   
   
   <td>5 Pcs</td>
  
  
  
  </tr>
  
  
  
  <tr>
   
   
   
   <td>18</td>
   
   
   
   <td>30’s Bullet Fire Crackers</td>
   
   
   
   <td>1 Saram</td>
  
  
  
  </tr>
  
  
  
  <tr>
   
   
   
   <td>19</td>
   
   
   
   <td>30’s Big Bang Fire Crackers </td>
   
   
   
   <td>1 Saram</td>
  
  
  
  </tr>
  
  
  
  <tr>
   
   
   
   <td>20</td>
   
   
   
   <td>Peacock Sure shots &ndash; Big</td>
   
   
   
   <td>10 Pcs</td>
  
  
  
  </tr>
  
  
  
  <tr>
   
   
   
   <td>21</td>
   
   
   
   <td>Peacock sure shots &ndash; Mini</td>
   
   
   
   <td>10 Pcs</td>
  
  
  
  </tr>
  
  
  
  <tr>
   
   
   
   <td>22</td>
   
   
   
   <td>Lar 100 Bullet Crackers</td>
   
   
   
   <td>1 Saram</td>
  
  
  
  </tr>
  
  
  
  <tr>
   
   
   
   <td>23</td>
   
   
   
   <td>Bijili Crackers Stripped</td>
   
   
   
   <td>50 Pcs</td>
  
  
  
  </tr>
  
  
  
  <tr>
   
   
   
   <td>24</td>
   
   
   
   <td>Assorted cartoons</td>
   
   
   
   <td>5 Pcs</td>
  
  
  
  </tr>
  
  
  
  <tr>
   
   
   
   <td>25</td>
   
   
   
   <td>Signal Lights </td>
   
   
   
   <td>1 Pce</td>
  
  
  
  </tr>
  
  
  
  <tr>
   
   
   
   <td>26</td>
   
   
   
   <td>Whizz Serpents</td>
   
   
   
   <td>2 Pcs</td>
  
  
  
  </tr>
  
  
  
  <tr>
   
   
   
   <td>27</td>
   
   
   
   <td>Colour changing Butterfly </td>
   
   
   
   <td>1 Pce</td>
  
  
  
  </tr>
  
  
  
  <tr>
   
   
   
   <td>28</td>
   
   
   
   <td>Golden Whistle small </td>
   
   
   
   <td>1 Pce</td>
  
  
  
  </tr>
  
  
  
  <tr>
   
   
   
   <td>29</td>
   
   
   
   <td>Seven Shots</td>
   
   
   
   <td>1 Pce</td>
  
  
  
  </tr>
  
  
  
  <tr>
   
   
   
   <td>30</td>
   
   
   
   <td>Colour Flash (Holi Special)</td>
   
   
   
   <td>1 Pce</td>
  
  
  
  </tr>
  
  
  
  <tr>
   
   
   
   <td>31</td>
   
   
   
   <td>Mine of Serpents</td>
   
   
   
   <td>1 Pce</td>
  
  
  
  </tr>
  
  
  
  <tr>
   
   
   
   <td>32</td>
   
   
   
   <td>Shooting star </td>
   
   
   
   <td>1 Pce</td>
  
  
  
  </tr>
  
  
  
  <tr>
   
   
   
   <td>33</td>
   
   
   
   <td>Toy Bomb ( 5 Shots)</td>
   
   
   
   <td>1 Pkt</td>
  
  
  
  </tr>
  
  
  
  <tr>
   
   
   
   <td>34</td>
   
   
   
   <td>Mini Fountain &ndash; Red </td>
   
   
   
   <td>2 Pcs</td>
  
  
  
  </tr>
  
  
  
  <tr>
   
   
   
   <td>35</td>
   
   
   
   <td>Mini Fountain - Gold</td>
   
   
   
   <td>2 Pcs</td>
  
  
  
  </tr>
  
  
  
  <tr>
   
   
   
   <td>36</td>
   
   
   
   <td>Mini Fountain - Silver </td>
   
   
   
   <td>2 Pcs</td>
  
  
  
  </tr>
  
  
  
  <tr>
   
   
   
   <td>37</td>
   
   
   
   <td>Mini Fountain - Purple</td>
   
   
   
   <td>2 Pcs</td>
  
  
  
  </tr>
  
  
  
  <tr>
   
   
   
   <td>38</td>
   
   
   
   <td>Mini Fountain &ndash; Green</td>
   
   
   
   <td>2 Pcs</td>
  
  
  
  </tr>
  
  
  
  <tr>
   
   
   
   <td>39</td>
   
   
   
   <td>Disco Flash</td>
   
   
   
   <td>1 Pce</td>
  
  
  
  </tr>
  
  
  
  <tr>
   
   
   
   <td>40</td>
   
   
   
   <td>Colour Smoke Fountain</td>
   
   
   
   <td>1 Pce</td>
  
  
  
  </tr>
  
  
  
  <tr>
   
   
   
   <td>41</td>
   
   
   
   <td>Butterfly Red </td>
   
   
   
   <td>1 Pce</td>
  
  
  
  </tr>
  
  
  
  <tr>
   
   
   
   <td>42</td>
   
   
   
   <td>Butterfly Silver </td>
   
   
   
   <td>1 Pce</td>
  
  
  
  </tr>
  
  
  
  <tr>
   
   
   
   <td>43</td>
   
   
   
   <td>Butterfly Red &amp; Silver</td>
   
   
   
   <td>1 Pce</td>
  
  
  
  </tr>
 
 
 
 </tbody>



</table>"
"GIFT BOXES","Jubilee(38 items)soundless","1 Box",700,"/images/giftbixes/17.jpg","<table cellspacing=""0"" cellpadding=""5"" bordercolor=""#e8ce7b"" border=""1"" align=""center"" width=""600"" style=""border-collapse: collapse;"">
 
 
 
 <tbody>
  
  
  
  <tr>
   
   
   
   <td width=""51"" class=""head"">S.No </td>
   
   
   
   <td width=""395"" class=""head"">Items</td>
   
   
   
   <td width=""124"" class=""head"">Qty</td>
  
  
  
  </tr>
  
  
  
  <tr>
   
   
   
   <td>1</td>
   
   
   
   <td>Bobby Gold Sparklers &ndash; 7 cm</td>
   
   
   
   <td>10 Pcs</td>
  
  
  
  </tr>
  
  
  
  <tr>
   
   
   
   <td>2</td>
   
   
   
   <td>Bobby Crackling Sparklers -7 Cm</td>
   
   
   
   <td>10 Pcs</td>
  
  
  
  </tr>
  
  
  
  <tr>
   
   
   
   <td>3</td>
   
   
   
   <td>Chavi Gold Sparklers</td>
   
   
   
   <td>10 Pcs</td>
  
  
  
  </tr>
  
  
  
  <tr>
   
   
   
   <td>4</td>
   
   
   
   <td>4 Colour Sparklers (Mixed) </td>
   
   
   
   <td>10 Pcs</td>
  
  
  
  </tr>
  
  
  
  <tr>
   
   
   
   <td> 5</td>
   
   
   
   <td>Red &amp; Green Chakkars</td>
   
   
   
   <td>10 Pcs</td>
  
  
  
  </tr>
  
  
  
  <tr>
   
   
   
   <td>6</td>
   
   
   
   <td>Red Colour Sparklers </td>
   
   
   
   <td>10 Pcs</td>
  
  
  
  </tr>
  
  
  
  <tr>
   
   
   
   <td>7</td>
   
   
   
   <td>Green Colour Sparklers</td>
   
   
   
   <td>10 Pcs</td>
  
  
  
  </tr>
  
  
  
  <tr>
   
   
   
   <td>8</td>
   
   
   
   <td>Colour Smoke Fountain</td>
   
   
   
   <td>1 Pce</td>
  
  
  
  </tr>
  
  
  
  <tr>
   
   
   
   <td>9</td>
   
   
   
   <td>Seven Shots</td>
   
   
   
   <td>1 Pce</td>
  
  
  
  </tr>
  
  
  
  <tr>
   
   
   
   <td>10</td>
   
   
   
   <td>Disco Flash</td>
   
   
   
   <td>1 Pce</td>
  
  
  
  </tr>
  
  
  
  <tr>
   
   
   
   <td>11</td>
   
   
   
   <td>Bijili Crackers Stripped</td>
   
   
   
   <td>50 Pcs</td>
  
  
  
  </tr>
  
  
  
  <tr>
   
   
   
   <td>12</td>
   
   
   
   <td>Peacock Sure Shots &ndash; Big</td>
   
   
   
   <td>10 Pcs</td>
  
  
  
  </tr>
  
  
  
  <tr>
   
   
   
   <td>13</td>
   
   
   
   <td>Peacock Sure Shots &ndash; Mini</td>
   
   
   
   <td>10 Pcs</td>
  
  
  
  </tr>
  
  
  
  <tr>
   
   
   
   <td>14</td>
   
   
   
   <td>Assorted Cartoons</td>
   
   
   
   <td>5 Pcs</td>
  
  
  
  </tr>
  
  
  
  <tr>
   
   
   
   <td>15</td>
   
   
   
   <td>100’s Bullet Fire Crackers</td>
   
   
   
   <td>1 Saram</td>
  
  
  
  </tr>
  
  
  
  <tr>
   
   
   
   <td>16</td>
   
   
   
   <td>30’s Bullet Fire Crackers</td>
   
   
   
   <td>1 Saram</td>
  
  
  
  </tr>
  
  
  
  <tr>
   
   
   
   <td>17</td>
   
   
   
   <td>Butterfly Red </td>
   
   
   
   <td>1 Pce</td>
  
  
  
  </tr>
  
  
  
  <tr>
   
   
   
   <td>18</td>
   
   
   
   <td>Butterfly Silver </td>
   
   
   
   <td>1 Pce</td>
  
  
  
  </tr>
  
  
  
  <tr>
   
   
   
   <td>19</td>
   
   
   
   <td>Butterfly Red &amp; Silver</td>
   
   
   
   <td>1 Pce</td>
  
  
  
  </tr>
  
  
  
  <tr>
   
   
   
   <td>20</td>
   
   
   
   <td>30’s Big Bang Fire Crackers </td>
   
   
   
   <td>1 Saram</td>
  
  
  
  </tr>
  
  
  
  <tr>
   
   
   
   <td>21</td>
   
   
   
   <td>Two Sound &ndash; 9 Cm</td>
   
   
   
   <td>5 Pcs</td>
  
  
  
  </tr>
  
  
  
  <tr>
   
   
   
   <td>22</td>
   
   
   
   <td>1000/5 Sparrow &ndash; 6.5 Cm</td>
   
   
   
   <td>5 Pcs</td>
  
  
  
  </tr>
  
  
  
  <tr>
   
   
   
   <td>23</td>
   
   
   
   <td>500/5 Hitler &ndash; 10 Cm </td>
   
   
   
   <td>5 Pcs</td>
  
  
  
  </tr>
  
  
  
  <tr>
   
   
   
   <td>24</td>
   
   
   
   <td>Hydrogen Bomb Green</td>
   
   
   
   <td>5 Pcs</td>
  
  
  
  </tr>
  
  
  
  <tr>
   
   
   
   <td>25</td>
   
   
   
   <td>Rainbow Rockets</td>
   
   
   
   <td>10 Pcs</td>
  
  
  
  </tr>
  
  
  
  <tr>
   
   
   
   <td>26</td>
   
   
   
   <td>Golden Whistle Small</td>
   
   
   
   <td>1 Pce</td>
  
  
  
  </tr>
  
  
  
  <tr>
   
   
   
   <td>27</td>
   
   
   
   <td>Fire Pencils</td>
   
   
   
   <td>5 Pcs</td>
  
  
  
  </tr>
  
  
  
  <tr>
   
   
   
   <td>28</td>
   
   
   
   <td>Twinkling Star &ndash; 45 cm</td>
   
   
   
   <td>10 Pcs</td>
  
  
  
  </tr>
  
  
  
  <tr>
   
   
   
   <td>29</td>
   
   
   
   <td>Zamin Chakkars Asoka</td>
   
   
   
   <td>10 Pcs</td>
  
  
  
  </tr>
  
  
  
  <tr>
   
   
   
   <td>30</td>
   
   
   
   <td>Jet Fountains</td>
   
   
   
   <td>5 Pcs</td>
  
  
  
  </tr>
  
  
  
  <tr>
   
   
   
   <td>31</td>
   
   
   
   <td>Whizz Serpents</td>
   
   
   
   <td>2 Pcs</td>
  
  
  
  </tr>
  
  
  
  <tr>
   
   
   
   <td>32</td>
   
   
   
   <td>Signal Lights</td>
   
   
   
   <td>1 Pce</td>
  
  
  
  </tr>
  
  
  
  <tr>
   
   
   
   <td>33</td>
   
   
   
   <td>Color changing Butterfly</td>
   
   
   
   <td>1 Pce</td>
  
  
  
  </tr>
  
  
  
  <tr>
   
   
   
   <td>34</td>
   
   
   
   <td>Mini Fountain &ndash; Red</td>
   
   
   
   <td>2 Pcs</td>
  
  
  
  </tr>
  
  
  
  <tr>
   
   
   
   <td>35</td>
   
   
   
   <td>Mini Fountain - Gold</td>
   
   
   
   <td>2 Pcs</td>
  
  
  
  </tr>
  
  
  
  <tr>
   
   
   
   <td>36</td>
   
   
   
   <td>Mini Fountain - Silver </td>
   
   
   
   <td>2 Pcs</td>
  
  
  
  </tr>
  
  
  
  <tr>
   
   
   
   <td>37</td>
   
   
   
   <td>Mini Fountain - Purple</td>
   
   
   
   <td>2 Pcs</td>
  
  
  
  </tr>
  
  
  
  <tr>
   
   
   
   <td>38</td>
   
   
   
   <td>Mini Fountain &ndash; Green</td>
   
   
   
   <td>2 Pcs</td>
  
  
  
  </tr>
 
 
 
 </tbody>



</table>"
"GIFT BOXES","Titan(46 items)Soundless","1 Box",1050,"/images/giftbixes/20.jpg","<table cellspacing=""0"" cellpadding=""5"" bordercolor=""#e8ce7b"" border=""1"" align=""center"" width=""600"" style=""border-collapse: collapse;"">
 
 
 
 <tbody>
  
  
  
  <tr>
   
   
   
   <td width=""51"" class=""head"">S.No </td>
   
   
   
   <td width=""395"" class=""head"">Items</td>
   
   
   
   <td width=""124"" class=""head"">Qty</td>
  
  
  
  </tr>
  
  
  
  <tr>
   
   
   
   <td>1</td>
   
   
   
   <td>Bobby Gold Sparklers - 7 cm</td>
   
   
   
   <td>10 Pcs</td>
  
  
  
  </tr>
  
  
  
  <tr>
   
   
   
   <td>2</td>
   
   
   
   <td>Bobby Crackling Sparklers- 7 cm</td>
   
   
   
   <td>10 Pcs</td>
  
  
  
  </tr>
  
  
  
  <tr>
   
   
   
   <td>3</td>
   
   
   
   <td>4 Colour Sparklers</td>
   
   
   
   <td>10 Pcs</td>
  
  
  
  </tr>
  
  
  
  <tr>
   
   
   
   <td>4</td>
   
   
   
   <td>Red Colour Sparklers</td>
   
   
   
   <td>10 Pcs</td>
  
  
  
  </tr>
  
  
  
  <tr>
   
   
   
   <td> 5</td>
   
   
   
   <td>Green Colour Sparklers</td>
   
   
   
   <td>10 Pcs</td>
  
  
  
  </tr>
  
  
  
  <tr>
   
   
   
   <td>6</td>
   
   
   
   <td>Gold Sparklers- 30 cm</td>
   
   
   
   <td>5 Pcs</td>
  
  
  
  </tr>
  
  
  
  <tr>
   
   
   
   <td>7</td>
   
   
   
   <td>Crackling Sparklers- 30 cm</td>
   
   
   
   <td>5 Pcs</td>
  
  
  
  </tr>
  
  
  
  <tr>
   
   
   
   <td>8</td>
   
   
   
   <td>Fire Pencil</td>
   
   
   
   <td>5 Pcs</td>
  
  
  
  </tr>
  
  
  
  <tr>
   
   
   
   <td>9</td>
   
   
   
   <td>Twinkling Star - 45 cm</td>
   
   
   
   <td>10 Pcs</td>
  
  
  
  </tr>
  
  
  
  <tr>
   
   
   
   <td>10</td>
   
   
   
   <td>Zamin Chakkars Asoka</td>
   
   
   
   <td>10 Pcs</td>
  
  
  
  </tr>
  
  
  
  <tr>
   
   
   
   <td>11</td>
   
   
   
   <td>Red &amp; Green Chakkars</td>
   
   
   
   <td>10 Pcs</td>
  
  
  
  </tr>
  
  
  
  <tr>
   
   
   
   <td>12</td>
   
   
   
   <td>Flower Pots Big Varnish</td>
   
   
   
   <td>10 Pcs</td>
  
  
  
  </tr>
  
  
  
  <tr>
   
   
   
   <td>13</td>
   
   
   
   <td>Jet Fountains</td>
   
   
   
   <td>5 Pcs</td>
  
  
  
  </tr>
  
  
  
  <tr>
   
   
   
   <td>14</td>
   
   
   
   <td>Rainbow Rockets</td>
   
   
   
   <td>10 Pcs</td>
  
  
  
  </tr>
  
  
  
  <tr>
   
   
   
   <td>15</td>
   
   
   
   <td>Two sound -9 cm</td>
   
   
   
   <td>5 Pcs</td>
  
  
  
  </tr>
  
  
  
  <tr>
   
   
   
   <td>16</td>
   
   
   
   <td>1000/5 Sparrow- 6.5 cm</td>
   
   
   
   <td>5 Pcs</td>
  
  
  
  </tr>
  
  
  
  <tr>
   
   
   
   <td>17</td>
   
   
   
   <td>500/5 Hitler- 10 cm</td>
   
   
   
   <td>5 Pcs</td>
  
  
  
  </tr>
  
  
  
  <tr>
   
   
   
   <td>18</td>
   
   
   
   <td>30’s Bullet Fire Crackers</td>
   
   
   
   <td>1 Saram</td>
  
  
  
  </tr>
  
  
  
  <tr>
   
   
   
   <td>19</td>
   
   
   
   <td>30’s Big Bang Fire crackers</td>
   
   
   
   <td>1 Saram</td>
  
  
  
  </tr>
  
  
  
  <tr>
   
   
   
   <td>20</td>
   
   
   
   <td>Bijili Crackers Stripped</td>
   
   
   
   <td>100 Pcs</td>
  
  
  
  </tr>
  
  
  
  <tr>
   
   
   
   <td>21</td>
   
   
   
   <td>100’s Bullet Fire Crackers</td>
   
   
   
   <td>1 Saram</td>
  
  
  
  </tr>
  
  
  
  <tr>
   
   
   
   <td>22</td>
   
   
   
   <td>240/24 Red fort Asoka</td>
   
   
   
   <td>1 Saram</td>
  
  
  
  </tr>
  
  
  
  <tr>
   
   
   
   <td>23</td>
   
   
   
   <td>Golden Whistle small </td>
   
   
   
   <td>1 Pce</td>
  
  
  
  </tr>
  
  
  
  <tr>
   
   
   
   <td>24</td>
   
   
   
   <td>Signal Lights</td>
   
   
   
   <td>1 Pce</td>
  
  
  
  </tr>
  
  
  
  <tr>
   
   
   
   <td>25</td>
   
   
   
   <td>Color Smoke Fountain -1 Box</td>
   
   
   
   <td>5 Pcs</td>
  
  
  
  </tr>
  
  
  
  <tr>
   
   
   
   <td>26</td>
   
   
   
   <td>Assorted Cartoons-1 Bag</td>
   
   
   
   <td>5 Pcs</td>
  
  
  
  </tr>
  
  
  
  <tr>
   
   
   
   <td>27</td>
   
   
   
   <td>Hydrogen Bomb Green -1 Box</td>
   
   
   
   <td>5 Pcs</td>
  
  
  
  </tr>
  
  
  
  <tr>
   
   
   
   <td>28</td>
   
   
   
   <td>Color Changing Butterfly</td>
   
   
   
   <td>1 Pce</td>
  
  
  
  </tr>
  
  
  
  <tr>
   
   
   
   <td>29</td>
   
   
   
   <td>Toy Bomb (5 Shots) -1 Pkt</td>
   
   
   
   <td>1 Pce</td>
  
  
  
  </tr>
  
  
  
  <tr>
   
   
   
   <td>30</td>
   
   
   
   <td>Peacock Sure Shots &ndash; Mini-1 Pkt</td>
   
   
   
   <td>10 Pcs</td>
  
  
  
  </tr>
  
  
  
  <tr>
   
   
   
   <td>31</td>
   
   
   
   <td>Peacock Sure Shots &ndash; Big -1 Pkt</td>
   
   
   
   <td>10 Pcs</td>
  
  
  
  </tr>
  
  
  
  <tr>
   
   
   
   <td>32</td>
   
   
   
   <td>Disco Flash</td>
   
   
   
   <td>2 Pcs</td>
  
  
  
  </tr>
  
  
  
  <tr>
   
   
   
   <td>33</td>
   
   
   
   <td>Mini Fountain &ndash; Red</td>
   
   
   
   <td>2 Pcs</td>
  
  
  
  </tr>
  
  
  
  <tr>
   
   
   
   <td>34</td>
   
   
   
   <td>Mini Fountain - Gold</td>
   
   
   
   <td>2 Pcs</td>
  
  
  
  </tr>
  
  
  
  <tr>
   
   
   
   <td>35</td>
   
   
   
   <td>Mini Fountain - Silver</td>
   
   
   
   <td>2 Pcs</td>
  
  
  
  </tr>
  
  
  
  <tr>
   
   
   
   <td>36</td>
   
   
   
   <td>Mini Fountain - Purple</td>
   
   
   
   <td>2 Pcs</td>
  
  
  
  </tr>
  
  
  
  <tr>
   
   
   
   <td>37</td>
   
   
   
   <td>Mini Fountain &ndash; Green</td>
   
   
   
   <td>2 Pcs</td>
  
  
  
  </tr>
  
  
  
  <tr>
   
   
   
   <td>38</td>
   
   
   
   <td>Whizz Serpents</td>
   
   
   
   <td>2 Pcs</td>
  
  
  
  </tr>
  
  
  
  <tr>
   
   
   
   <td>39</td>
   
   
   
   <td>Colour Flash (Holi Special)</td>
   
   
   
   <td>1 Pce</td>
  
  
  
  </tr>
  
  
  
  <tr>
   
   
   
   <td>40</td>
   
   
   
   <td>Mine of Serpents</td>
   
   
   
   <td>1 Pce</td>
  
  
  
  </tr>
  
  
  
  <tr>
   
   
   
   <td>41</td>
   
   
   
   <td>Mine of Crackers</td>
   
   
   
   <td>1 Pce</td>
  
  
  
  </tr>
  
  
  
  <tr>
   
   
   
   <td>42</td>
   
   
   
   <td>Shooting Star</td>
   
   
   
   <td>1 Pce</td>
  
  
  
  </tr>
  
  
  
  <tr>
   
   
   
   <td>43</td>
   
   
   
   <td>Cheers</td>
   
   
   
   <td>1 Pce</td>
  
  
  
  </tr>
  
  
  
  <tr>
   
   
   
   <td>44</td>
   
   
   
   <td>Butterfly Red</td>
   
   
   
   <td>1 Pce</td>
  
  
  
  </tr>
  
  
  
  <tr>
   
   
   
   <td>45</td>
   
   
   
   <td>Butterfly Silver </td>
   
   
   
   <td>1 Pce</td>
  
  
  
  </tr>
  
  
  
  <tr>
   
   
   
   <td>46</td>
   
   
   
   <td>Butterfly Red &amp; Silver</td>
   
   
   
   <td>1 Pce</td>
  
  
  
  </tr>
 
 
 
 </tbody>



</table>"
"SPARKLERS","Bobby Gold Sparklers (7Cm)","10 pcs",7.5,,
"SPARKLERS","Jimmy Gold Sparklers(12Cm)","10 pcs",19.5,,
"SPARKLERS","Gold Sparklers(15Cm)","10 pcs",34,,
"SPARKLERS","Gold Sparklers(30Cm)","5 pcs",34,,
"SPARKLERS","Bobby Crackling Sparklers(7Cm)","10 pcs",34,,
"SPARKLERS","Jimmy Crackling Sparling(12Cm)","10 pcs",8.7,,
"SPARKLERS","Cracklling Sparling (15Cm)","10 pcs",41,,
"FANCY SPAREKLERS","4 Colour Sparklers(12 cm)","10 pcs",20.5,,
"FANCY SPAREKLERS","Colour Change Sparklers","10 pcs",47,,
"FANCY SPAREKLERS","Cracklling Sparling(15Cm)","10 pcs",41,,
"FLOWER POTS","Flower Pots Small","10 pcs",40,,
"FLOWER POTS","Flower Pots Big","10 pcs",62,,
"FLOWER POTS","Flower Pots Special","10 pcs",89,,
"FLOWER POTS","Flower Pots Deluxe","5 pcs",120,,
"FANCY FLOWER POTS","Flower Pots Green","10 pcs",108,,
"FANCY FLOWER POTS","Mini Fountains Gold (Red, Gold, Silver & Green)","6 pcs",32,,
"CHANK CHAKKAR","Zamim Chakkars(Big)","10pcs",26.5,,
"CHANK CHAKKAR","Zamim Chakkars(Asoka )",,55,,
"CHANK CHAKKAR","Zamim Chakkars(Deluxe)",,96,,
"FANCY CHAKKARS","Red & Green Chakkars(Colour Changing)","10pcs",30,,
"TWINKLING & PENCILS","Twinkling stars (45 cm)","10 pcs",26,,
"TWINKLING & PENCILS","Silver Twinklings Deluxe(120 cm)","10 pcs",73,,
"TWINKLING & PENCILS","Fire Pencils","10 pcs",32,,
"FANCIES & NOVELTIES for children","Multi Colour Candles(Colour Changing)","10 pcs",65,,
"FANCIES & NOVELTIES for children","Assorted Cartoons","10 pcs",36,,
"ONE SOUNDS","9 Cm Laxmi",,10,,
"ONE SOUNDS","10 Cm Laxmi",,15,,
"ELECTRIC CRACKERS","28 Redfort Medium","1- string",13,,
"ELECTRIC CRACKERS","28 Redfort Giant","1- string",17.5,,
"GARLANDS","REDFORT FIRE CRACKERS-BULLET(100' S)","1- string",42,,
"Single Shots","Aerial Outs","5 pcs",146,,
"Single Shots","7 Shots(Green, Red, Violet)","5 pcs",115,,
"Single Shots","Shooting Stars","5 pcs",120,,
"Single Shots","Golden Drops","5 pcs",190,,
"Single Shots","Triple Guns","5 pcs",57,,
"Single Shots","Silver Chariots","2 pcs",150,,
"Single Shots","Disco Flash","6 pcs",36,,
"FANCY NOVELTIES","Color Smoke Fountains (Fountain with Colour Smoke)","5 pcs",45,,
"FANCY NOVELTIES","color Smoke Crackers(24 Chorsa with colourful smoke)","1 pkt",25,,
"MUSICAL NOVELTIES","Whistle Sparklers","5 pcs",77,,
"MUSICAL NOVELTIES","Whizz Wheels(Whistling Wheel)","5 pcs",130,,
"MUSICAL NOVELTIES","Musical Crackers (24 Chorsa with Music)","5 pcs",270,,
"MUSICAL NOVELTIES","Golden Whistle(Whistling Shot)","10 pcs",146,,
"MUSICAL NOVELTIES","Golden Whistle(Giant Whistling Shot)","2 pcs",150,,
"MUSICAL NOVELTIES","Star Fire - 1 1/4 "" Comet Whistle (Whistling Commet)","1 pce",76,,
"MUSICAL NOVELTIES","Moon Series whistling Rockets","10 pcs",125,,
"MUSICAL NOVELTIES","Echo - Whistle(Whistling Rocket)","5 pcs",230,,
