"SPARKLERS","Red colour sparkler ( 12 cm)","1Box",21.5,100,20.86
"SPARKLERS","green colour sparkler ( 15 cm)","1Box",28.5,200,27.65
"TWINKKLING STARS","silver twinkling 60 cm","1Box",36,150,34.92
"FANCY FIREWORKS","electric stones(Small)","10pcs",18,50,17.46
"FANCY FIREWORKS","electric stones(Big)","25pcs",45,50,43.65
"FANCY FIREWORKS","mines of crackers","5pcs",115,10,111.55
"FANCY FIREWORKS","Meteor","5pcs",140,10,135.8
"FLOWER POTS","Tri color fountain","1Box",190,50,184.3
"FANCY FIREWORKS","Gold rush","5pcs",140,10,135.8
"COMMETS","starfire yellow","1Box",62,2,60.14
"FANCY FIREWORKS","night parachute","3pcs",330,10,320.1
"FANCY FIREWORKS","color thunder bolt","3pcs",300,10,291
"FANCY FIREWORKS","jasmine drops","3pcs",280,10,271.6
"FANCY FIREWORKS","money spinner gold","10pcs",35,2,33.95
"FANCY FIREWORKS","money spinner silver","10pcs",35,2,33.95
"FANCY FIREWORKS","cherry garden","3pcs",320,1,310.4
"FANCY FIREWORKS","Paris by Night","1box",320,1,310.4
"FANCY FIREWORKS","Sky blitz","3pcs",400,1,388
